#CODE;ENGLISH;FRENCH;GERMAN;;SPANISH;;x;
#;;;;;;;x;
#GONDORIAN;;x;;;;;;x
emperor_culture_gondorian;King;Roi;;;;;x;
king_culture_gondorian;Prince;Prince;;;;;x;
duke_culture_gondorian;Governor;Gouverneur;;;;;x;
count_culture_gondorian;Lord;Seigneur;;;;;x;
city_baron_culture_gondorian;Ostherdir;Ostherdir;;;;;x;
baron_culture_gondorian;Sir;Sire;;;;;x;
temple_baron_culture_gondorian;Custodian of Traditions;Gardien des Traditions;;;;;x;
emperor_female_culture_gondorian;Queen;Reine;;;;;x;
king_female_culture_gondorian;Princess;Princess;;;;;x;
duke_female_culture_gondorian;Governor;Gouverneur;;;;;x;
count_female_culture_gondorian;Lady;Dame;;;;;x;
empire_of_culture_gondorian;Kingdom of;Royaume de;;;;;x;
kingdom_of_culture_gondorian;Principality of;Principauté de;;;;;x;
duchy_of_culture_gondorian;District of;District de;;;;;x
county_of_culture_gondorian;Lordship of;Seigneurie de;;;;;x
city_barony_of_culture_gondorian;City of;Cité de;;;;;x
barony_of_culture_gondorian;Citadel of;Citadelle de;;;;;x
temple_barony_of_culture_gondorian;House of Traditions of;Maison des Traditions de;;;;;x
city_empire_of_culture_gondorian;Guild of Venturers of;Guilde des Aventuriers de;;;;;x
city_kingdom_of_culture_gondorian;Guild of Venturers of;Guilde des Aventuriers de;;;;;x
city_duchy_of_culture_gondorian;Guild of Venturers of;Guilde des Aventuriers de;;;;;x
city_county_of_culture_gondorian;Guild of Venturers of;Guilde des Aventuriers de;;;;;x
city_count_culture_gondorian;Captain;Capitaine;;;;;x
city_duke_culture_gondorian;Lord Captain;Armateur en Chef;;;;;x
city_king_culture_gondorian;Lord Captain;Armateur en Chef;;;;;x
family_palace_culture_gondorian;Shipyard;Chantier Naval;;;;;x
family_palace_baron_culture_gondorian;Captain;Capitaine;;;;;x
family_palace_baron_female_culture_gondorian;Captain;Capitaine;;;;;x
family_palace_barony_of_culture_gondorian;Shipyard of;Chantier Naval de;;;;;x
family_palace_baron_foa_culture_gondorian;Sir;Sir;;;;;x;
family_palace_baron_deed_culture_gondorian;Chair of;Siège de;;;;;x;
#DUNEDAIN;;x;;;;;;x
emperor_culture_dunedain;King;Roi;;;;;x;
king_culture_dunedain;Prince;Prince;;;;;x;
duke_culture_dunedain;Governor;Gouverneur;;;;;x;
count_culture_dunedain;Lord;Seigneur;;;;;x;
city_baron_culture_dunedain;Lord Mayor;Seigneur-Maire;;;;;x;
baron_culture_dunedain;Sir;Sire;;;;;x;
temple_baron_culture_dunedain;Custodian of Traditions;Gardien des Traditions;;;;;x;
emperor_female_culture_dunedain;High Queen;Haute-Reine;;;;;x;
king_female_culture_dunedain;Queen;Reine;;;;;x;
duke_female_culture_dunedain;Guardian;Gardienne;;;;;x;
count_female_culture_dunedain;Lady;Dame;;;;;x;
empire_of_culture_dunedain;High Kingdom of;Royaume de;;;;;x;
kingdom_of_culture_dunedain;Kingdom of;Royaume de;;;;;x;
duchy_of_culture_dunedain;Watch of;District de;;;;;x;
county_of_culture_dunedain;Territory of;Territoire de;;;;;x;
city_barony_of_culture_dunedain;City of;Cité de;;;;;x;
barony_of_culture_dunedain;Citadel of;Citadelle de;;;;;x;
temple_barony_of_culture_dunedain;House of Traditions of;Maison des Traditions de;;;;;x;
#ROHIRRIM;;x;;;;;;x
emperor_culture_rohirrim;Heighalthane;Heighalthane;;;;;x;
king_culture_rohirrim;Althane;Althane;;;;;x;
duke_culture_rohirrim;Heah-thane;Heah-thane;;;;;x;
count_culture_rohirrim;Thane;Thane;;;;;x;
city_baron_culture_rohirrim;Gerefa;Gerefa;;;;;x;
baron_culture_rohirrim;Burgwarder;Burgwarder;;;;;x;
temple_baron_culture_rohirrim;Custodian;Gardien;;;;;x;
empire_of_culture_rohirrim;High Kingdom of;Royaume de;;;;;x;
kingdom_of_culture_rohirrim;Kingdom of;Royaume de;;;;;x;
duchy_of_culture_rohirrim;Territory of;Territoire de;;;;;x;
county_of_culture_rohirrim;Neahmaerc of;Neahmaerc of;;;;;x;
city_barony_of_culture_rohirrim;Village of;Village de;;;;;x;
barony_of_culture_rohirrim;Stronghold of;Place-Forte de;;;;;x;
temple_barony_of_culture_rohirrim;Ancestral Hall of;Hall Ancestral de;;;;;x;
#HOBBIT;;x;;;;;;x
emperor_culture_group_halfling;High Thain;Roi;;;;;x;
king_culture_group_halfling;Thain;Thain;;;;;x;
duke_culture_group_halfling;Shiriff;Gardien;;;;;x;
count_culture_group_halfling;Messr;;;;;;x;
city_baron_culture_group_halfling;Messr;;;;;;x;
baron_culture_group_halfling;Messr;;;;;;x;
temple_baron_culture_group_halfling;Guardian of Mathoms;Gardien des Mathoms;;;;;x;
empire_of_culture_group_halfling;High Thaindom of;Royaume de;;;;;x;
kingdom_of_culture_group_halfling;Thaindom of;Thaindom de;;;;;x;
duchy_of_culture_group_halfling;Mayordom of;;;;;;x;;;;;;;;
county_of_culture_group_halfling;Township of;Canton de;;;;;x;;;;;;;;
city_barony_of_culture_group_halfling;Hamlet of;Hameau de;;;;;x;;;;;;;;
barony_of_culture_group_halfling;Village of;Village de;;;;;x;;;;;;;;
temple_barony_of_culture_group_halfling;House of Mathoms of;Maison des Mathoms de;;;;;x;;;;;;;;
count_female_culture_group_halfling;Missus;;;;;;;;;;;;;;x
countess_culture_group_halfling;Missus;;;;;;;;;;;;;;x
duke_female_culture_group_halfling;Madam;;;;;;;;;;;;;;x
duchess_culture_group_halfling;Madam;;;;;;;;;;;;;;x
king_female_culture_group_halfling;Thainess;;;;;;;;;;;;;;x
queen_culture_group_halfling;Thainess;;;;;;;;;;;;;;x
#ENTS;;x;;;;;;x;;;;;;;
emperor_culture_entish;Ancient Shepherd of Trees;Ancien Berger des Arbres;;;;;x;;;;;;;;
emperor_female_culture_entish;Ancient Shepherdess of Trees;Ancien Berger des Arbres;;;;;x;;;;;;;;
king_culture_entish;Shepherd of Trees;Berger des Arbres;;;;;x;;;;;;;;
king_female_culture_entish;Shepherdess of Trees;Berger des Arbres;;;;;x;;;;;;;;
duke_culture_entish;Protector;Protecteur;;;;;x;;;;;;;;
count_culture_entish;Guardian;Gardien;;;;;x;
city_baron_culture_entish;Old Ent;Vieil Ent;;;;;x;
baron_culture_entish;Old Ent;Vieil Ent;;;;;x;
temple_baron_culture_entish;Old Ent;Vieil Ent;;;;;x;
empire_of_culture_entish;Forest of;Forêt de;;;;;x;
kingdom_of_culture_entish;Forest of;Forêt de;;;;;x;
duchy_of_culture_entish;Grove of;Bosquet de;;;;;x;
county_of_culture_entish;Glade of;Clairière de;;;;;x;
city_barony_of_culture_entish;Trees of;Arbres de;;;;;x;
barony_of_culture_entish;Holt of;Colline de;;;;;x;
temple_barony_of_culture_entish;Circle of Nature of;Cercle de Nature de;;;;;x;
#;;;;;;;x;
#HUORNS;;x;;;;;;x
emperor_culture_huorn;Ancient Protector;Protecteur Ancien;;;;;x;
king_culture_huorn;Ancient Protector;Protecteur Ancien;;;;;x;
duke_culture_huorn;Guardian;Gardien;;;;;x;
count_culture_huorn;Keeper;Surveillant;;;;;x;
city_baron_culture_huorn;Old Huorn;Vieil Huorn;;;;;x;
baron_culture_huorn;Old Huorn;Vieil Huorn;;;;;x;
temple_baron_culture_huorn;Old Huorn;Vieil Huorn;;;;;x;
empire_of_culture_huorn;Forest of;Forêt de;;;;;x;
kingdom_of_culture_huorn;Forest of;Forêt de;;;;;x;
duchy_of_culture_huorn;Grove of;Bosquet de;;;;;x;
county_of_culture_huorn;Glade of;Clairière de;;;;;x;
city_barony_of_culture_huorn;Trees of;Arbres de;;;;;x;
barony_of_culture_huorn;Holt of;Colline de;;;;;x;
temple_barony_of_culture_huorn;Circle of Nature of;Cercle de Nature de;;;;;x;
#;;;;;;;x;
#DRUEDAIN;;x;;;;;;x
emperor_culture_druedain;Supreme Chief;Chef Suprême;;;;;x;
king_culture_druedain;Great Chief;Grand Chef;;;;;x;
duke_culture_druedain;High Chief;Haut-Chef;;;;;x;
count_culture_druedain;Chief;Chef;;;;;x;
city_baron_culture_druedain;Hunt Master;Maitre de Chasse;;;;;x;
baron_culture_druedain;Bowmen Master;Maitre des Archers;;;;;x;
temple_baron_culture_druedain;Shaman;Shaman;;;;;x;
empire_of_culture_druedain;Great Clan of;Grand Clan de;;;;;x;
kingdom_of_culture_druedain;Great Clan of;Grand Clan de;;;;;x;
duchy_of_culture_druedain;Territory of;Territoire de;;;;;x;
county_of_culture_druedain;Clan of;Clan de;;;;;x;
city_barony_of_culture_druedain;Huts of;Cabanes de;;;;;x;
barony_of_culture_druedain;Bowyers' Hall of;Salles des Archers de;;;;;x;
temple_barony_of_culture_druedain;Púkel Statues of;Statues de Pukel de;;;;;x;
#;;;;;;;x;
#ORKISH;;x;;;;;;x
emperor_culture_orkish;Dark Lord;Seigneur Noir;;;;;x;
king_culture_orkish;Ovasgoth;Seigneur;;;;;x;
duke_culture_orkish;Kri-krisur;Chef;;;;;x;
count_culture_orkish;Capavain;Capitaine;;;;;x;
city_baron_culture_orkish;Maukavas;Maître;;;;;x;
baron_culture_orkish;Ward;Surveillant;;;;;x;
temple_baron_culture_orkish;Sacrificer;Sacrificateur;;;;;x;
empire_of_culture_orkish;Wastes of;Terres Abandonnées de;;;;;x;
kingdom_of_culture_orkish;Lands of;Pays de;;;;;x;
duchy_of_culture_orkish;Territory of;Territoire de;;;;;x;
county_of_culture_orkish;Encampment of;Campement de;;;;;x;
city_barony_of_culture_orkish;Ruins of;Ruines de;;;;;x;
barony_of_culture_orkish;Fortress of;Forteresse de;;;;;x;
temple_barony_of_culture_orkish;Sacrificial Altar of;Autel Sacrificiel de;;;;;x;
#;;;;;;;x;
#GOBLIN;;x;;;;;;x
emperor_culture_orkish;King;Haut-Roi;;;;;x;
king_culture_orkish;King;Roi;;;;;x;
duke_culture_orkish;Chief;Chef;;;;;x;
count_culture_orkish;Captain;Capitaine;;;;;x;
city_baron_culture_orkish;Master;Maître;;;;;x;
baron_culture_orkish;Warden;Surveillant;;;;;x;
temple_baron_culture_orkish;Treasurer;Trésorier;;;;;x;
empire_of_culture_orkish;Wastelands of;Terres Désertiques de;;;;;x;
kingdom_of_culture_orkish;Lands of;Pays de;;;;;x;
duchy_of_culture_orkish;Territory of;Territoire de;;;;;x;
county_of_culture_orkish;Outpost of;Avant-Poste de;;;;;x;
city_barony_of_culture_orkish;Den of;Tanière de;;;;;x;
barony_of_culture_orkish;Fortress of;Forteresse de;;;;;x;
temple_barony_of_culture_orkish;Hall of Looting of;Salle du Pillage de;;;;;x;
#;;;;;;;x;
#URUKHAI;;x;;;;;;x
emperor_culture_urukhai;Dark Lord;Seigneur Noir;;;;;x;
king_culture_urukhai;Great Chief;Grand Chef;;;;;x;
duke_culture_urukhai;Chief Captain;Capitaine;;;;;x;
count_culture_urukhai;Chief;Chef;;;;;x;
city_baron_culture_urukhai;Master;Maître;;;;;x;
baron_culture_urukhai;Warden;Surveillant;;;;;x;
temple_baron_culture_urukhai;Sacrificer;Sacrificateur;;;;;x;
empire_of_culture_urukhai;Ravages of;Terres Ravagées de;;;;;x;
kingdom_of_culture_urukhai;Lands of;Terres de;;;;;x;
duchy_of_culture_urukhai;Territory of;Territoire de;;;;;x;
county_of_culture_urukhai;Base Camp of;Camp de;;;;;x;
city_barony_of_culture_urukhai;Lairs of;Repaire de;;;;;x;
barony_of_culture_urukhai;Fortress of;Forteresse de;;;;;x;
temple_barony_of_culture_urukhai;Circle of War of;Cercle de Guerre de;;;;;x;
#;;;;;;;x;
#;;;;;;;x;
#HALF-ORC;;x;;;;;;x
empire_of_culture_half_orc;Devastations of;Terres dévastées de;;;;;x;
kingdom_of_culture_half_orc;Lands of;Terres de;;;;;x;
duchy_of_culture_half_orc;Territory of;Territoire de;;;;;x;
county_of_culture_half_orc;Encampment of;Campement de;;;;;x;
city_baron_culture_half_orc;Master;Maître;;;;;x;
baron_culture_half_orc;Guard;Surveillant;;;;;x;
temple_baron_culture_half_orc;Sacrificer;Sacrificateur;;;;;x;
emperor_culture_half_orc;Dark Lord;Seigneur Noir;;;;;x;
king_culture_half_orc;High Chief;Grand Chef;;;;;x;
duke_culture_half_orc;Chief;Chef;;;;;x;
count_culture_half_orc;Master;Maitre;;;;;x;
city_barony_of_culture_half_orc;Ruins of;Ruine de;;;;;x;
barony_of_culture_half_orc;Fortress of;Forteresse de;;;;;x;
temple_barony_of_culture_half_orc;Sacrificial Altar of;Autel Sacrificiel de;;;;;x;
#;;;;;;;x;
#HARADRIM;;x;;;;;;x
emperor_culture_haradrim;High Autarb;Suprême Autarb;;;;;x;
king_culture_haradrim;Autarb;Autarb;;;;;x;
duke_culture_haradrim;P'tan;P'tan;;;;;x;;;;;;;;
count_culture_haradrim;Tarb;Tarb;;;;;x;;;;;;;;
city_baron_culture_haradrim;Head;Capitaine;;;;;x;;;;;;;;
baron_culture_haradrim;Chak;Chak;;;;;x;;;;;;;;
temple_baron_culture_haradrim;Dark Priest;Prêtre Noir;;;;;x;;;;;;;;
empire_of_culture_haradrim;Tribal Empire of;Empire Tribal de;;;;;x;;;;;;;;
kingdom_of_culture_haradrim;Tribe of;Tribu de;;;;;x;;;;;;;;
duchy_of_culture_haradrim;Clan of;Clan de;;;;;x;;;;;;;;
county_of_culture_haradrim;Encampment of;Campement de;;;;;x;;;;;;;;
city_barony_of_culture_haradrim;Oasis of;Caravane de;;;;;x;;;;;;;;
barony_of_culture_haradrim;Blockhouse of;Camp Fortifié de;;;;;x;;;;;;;;
temple_barony_of_culture_haradrim;Dark Shrine of;Temple Noir de;;;;;x;;;;;;;;
#;;;;;;;x;;;;;;;;
#FAR HARADRIM;;x;;;;;;x;;;;;;;
emperor_culture_far_haradrim;High Autarb;Suprême Autarb;;;;;x; ;;;;;;;
king_culture_far_haradrim;Autarb;Autarb;;;;;x;;;;;;;; 
duke_culture_far_haradrim;P'tan;P'tan;;;;;x;;;;;;;; 
count_culture_far_haradrim;Tarb;Tarb;;;;;x;;;;;;;; 
city_baron_culture_far_haradrim;Head;Capitaine;;;;;x; ;;;;;;;
baron_culture_far_haradrim;Chak;Chak;;;;;x; ;;;;;;;
temple_baron_culture_far_haradrim;Dark Priest;Prêtre Noir;;;;;x;; ;;;;;;
empire_of_culture_far_haradrim;Tribal Empire of;Empire Tribal de;;;;;x; ;;;;;;;
kingdom_of_culture_far_haradrim;Tribe of;Tribu de;;;;;x;;;;;;;; 
duchy_of_culture_far_haradrim;Clan of;Clan de;;;;;x;;;;;;;; 
county_of_culture_far_haradrim;Encampment of;Campement de;;;;;x;;;;;;;; 
city_barony_of_culture_far_haradrim;Caravans of;Caravane de;;;;;x; ;;;;;;;
barony_of_culture_far_haradrim;Blockhouse of;Camp Fortifié de;;;;;x; ;;;;;;;
temple_barony_of_culture_far_haradrim;Dark Shrine of;Temple Noir de;;;;;x;; ;;;;;;
#;;;;;;;x;;;;;;;;
#DUNLENDINGS;;x;;;;;;x;;;;;;;
emperor_culture_dunlending;Great Warlord;Haut-Roi;;;;;x;;;;;;;;
king_culture_dunlending;High Warlord;Roi;;;;;x;;;;;;;;
duke_culture_dunlending;Warlord;Seigneur de Guerre;;;;;x;
count_culture_dunlending;Headman;Chef;;;;;x;
city_baron_culture_dunlending;Head;Chef;;;;;x;
baron_culture_dunlending;Captain;Capitaine;;;;;x;
temple_baron_culture_dunlending;Priest;Prêtre;;;;;x;
empire_of_culture_dunlending;Great Kingdom of;Royaume de;;;;;x;
kingdom_of_culture_dunlending;Kingdom of;Royaume de;;;;;x;
duchy_of_culture_dunlending;Clan of;Clan de;;;;;x;
county_of_culture_dunlending;Village of;Village de;;;;;x;
city_barony_of_culture_dunlending;Huts of;Huttes de;;;;;x;
barony_of_culture_dunlending;Fort of;Fort de;;;;;x;
temple_barony_of_culture_dunlending;Altar of;Autel de;;;;;x;
#;;;;;;;x;
#ADUNAIC;;x;;;;;;x
emperor_culture_adunaic;Tan-Ar-;Haut-Roi;;;;;x;
king_culture_adunaic;King;Ar-;;;;;x;
duke_culture_adunaic;Khor;Gardien;;;;;x;;;;;;;
count_culture_adunaic;Barim;Seigneur;;;;;x;;;;;;;
city_baron_culture_adunaic;Barim Mayor;Seigneur-Maire;;;;;x;;;;;;;
baron_culture_adunaic;Sir;Sire;;;;;x;;;;;;;
temple_baron_culture_adunaic;Custodian of Traditions;Gardien des Traditions;;;;;;;;;;;; 
emperor_female_culture_adunaic;Ari-;Haute-Reine;;;;;;;;;;;; 
king_female_culture_adunaic;Ari-;Reine;;;;;;;;;;;; 
duke_female_culture_adunaic;Guardian;Gardienne;;;;;;;;;;;;
count_female_culture_adunaic;Lady;Dame;;;;;;;;;;;;
empire_of_culture_adunaic;Tan-Ardom-o;Royaume de;;;;;;;;;;;;
kingdom_of_culture_adunaic;Ardom-o;Royaume de;;;;;;;;;;;;
duchy_of_culture_adunaic;Watch of;District de;;;;;x;;;;;;;
county_of_culture_adunaic;Territory of;Territoire de;;;;;x;;;;;;;
city_barony_of_culture_adunaic;City of;Cité de;;;;;x;;;;;;;
barony_of_culture_adunaic;Citadel of;Citadelle de;;;;;x;;;;;;;
temple_barony_of_culture_adunaic;House of Traditions of;Maison des Traditions de;;;;;x;;;;;;;
#;;;;;;;x;
#WILDERNESS;;x;;;;;;x
emperor_culture_wilderness;The;Le;;;;;x;
king_culture_wilderness;The;Le;;;;;x;
duke_culture_wilderness;The;Le;;;;;x;
count_culture_wilderness;The;Le;;;;;x;
city_baron_culture_wilderness;The;Le;;;;;x;
baron_culture_wilderness;The;Le;;;;;x;
temple_baron_culture_wilderness;The;Le;;;;;x;
emperor_female_culture_wilderness;The;La;;;;;x;
king_female_culture_wilderness;The;La;;;;;x;
duke_female_culture_wilderness;The;La;;;;;x;
count_female_culture_wilderness;The;La;;;;;x;
empire_of_culture_wilderness;Lands of;Pays de;;;;;x;
kingdom_of_culture_wilderness;Lands of;Pays de;;;;;x;
duchy_of_culture_wilderness;Lands of;Pays de;;;;;x;
county_of_culture_wilderness;Lands of;Pays de;;;;;x;
city_barony_of_culture_wilderness;Ruins of;Ruines de;;;;;x;
barony_of_culture_wilderness;Ruins of;Ruines de;;;;;x;
temple_barony_of_culture_wilderness;Ruins of;Ruines de;;;;;x;
#;;;;;;;x;
#HALADIN;;x;;;;;;x
emperor_culture_haladin;Great Halad;Grand Halad;;;;;x;
king_culture_haladin;Halad;Halad;;;;;x;
duke_culture_haladin;Head;Chef;;;;;x;
count_culture_haladin;Guardian;Gardien;;;;;x;
city_baron_culture_haladin;Custodian;Gardien;;;;;x;
baron_culture_haladin;Captain;Capitaine;;;;;x;
temple_baron_culture_haladin;Priest;Prêtre;;;;;x;
empire_of_culture_haladin;Kingdom of;Royaume de;;;;;x;
kingdom_of_culture_haladin;House of;Maison de;;;;;x;
duchy_of_culture_haladin;Clan of;Clan de;;;;;x;
county_of_culture_haladin;Village of;Village de;;;;;x;
city_barony_of_culture_haladin;Huts of;Cabanes de;;;;;x;
barony_of_culture_haladin;Fort of;Fort de;;;;;x;
temple_barony_of_culture_haladin;Altar of;Autel de;;;;;x;
#;;;;;;;x;
#DWARVES;;x;;;;;;x
baron_culture_group_dwarves;Izbad;;;;;;;;;;;;;x
baron_female_culture_group_dwarves;Azbad;;;;;;;;;;;;;x
baron_title_ruler_consort_culture_group_dwarves;Izbad;;;;;;;;;;;;;x
baron_title_ruler_consort_female_culture_group_dwarves;Azbad;;;;;;;;;;;;;x
count_culture_group_dwarves;Uzbad;;;;;;;;;;;;;x
count_female_culture_group_dwarves;Azbad;;;;;;;;;;;;;x
count_title_ruler_consort_culture_group_dwarves;Uzbad;;;;;;;;;;;;;x
count_title_ruler_consort_female_culture_group_dwarves;Azbad;;;;;;;;;;;;;x
duke_culture_group_dwarves;Uzbad;;;;;;;;;;;;;x
duke_female_culture_group_dwarves;Azbad;;;;;;;;;;;;;x
duke_title_ruler_consort_culture_group_dwarves;Uzbad;;;;;;;;;;;;;x
duke_title_ruler_consort_female_culture_group_dwarves;Azbad;;;;;;;;;;;;;x
king_culture_group_dwarves;Guzukh-Ezbad;;;;;;;;;;;;;x
king_female_culture_group_dwarves;Guzukh-Azbad;;;;;;;;;;;;;x
king_title_ruler_consort_culture_group_dwarves;Guzukh-Ezbad;;;;;;;;;;;;;x
king_title_ruler_consort_female_culture_group_dwarves;Guzukh-Azbad;;;;;;;;;;;;;x
emperor_culture_group_dwarves;Ezulik-Ezbad;;;;;;;;;;;;;x
emperor_female_culture_group_dwarves;Ezulik-Azbad;;;;;;;;;;;;;x
emperor_title_ruler_consort_culture_group_dwarves;Ezulik-Ezbad;;;;;;;;;;;;;x
emperor_title_ruler_consort_female_culture_group_dwarves;Ezulik-Azbad;;;;;;;;;;;;;x
title_prince_culture_group_dwarves;Khozoh;;;;;;;;;;;;;x
title_prince_female_culture_group_dwarves;Az-;;;;;;;;;;;;;x
barony_of_culture_group_dwarves;Fenuln-ai;;;;;;;;;;;;;x
county_of_culture_group_dwarves;Bulnd-ai;;;;;;;;;;;;;x
duchy_of_culture_group_dwarves;Buland-ai;;;;;;;;;;;;;x
kingdom_of_culture_group_dwarves;Gazukh Baland-ai;;;;;;;;;;;;;x
empire_of_culture_group_dwarves;Guzm Buland-ai;;;;;;;;;;;;;x
#;;;;;;;x;
#BARDING;;x;;;;;;x
emperor_culture_barding;High King;Haut-Roi;;;;;x;
king_culture_barding;King;Roi;;;;;x;
duke_culture_barding;Guardian;Gardien;;;;;x;
count_culture_barding;Governor;Seigneur;;;;;x;
city_baron_culture_barding;Mayor;Maire;;;;;x;
baron_culture_barding;Sir;Sire;;;;;x;
temple_baron_culture_barding;Custodian of Traditions;Gardien des Lois;;;;;x;
emperor_female_culture_barding;High Queen;Haute-Reine;;;;;x;
king_female_culture_barding;Queen;Reine;;;;;x;
duke_female_culture_barding;Guardian;Gardienne;;;;;x;
count_female_culture_barding;Lady;Dame;;;;;x
empire_of_culture_barding;High Kingdom of;Royaume de;;;;;x
kingdom_of_culture_barding;Kingdom of;Royaume de;;;;;x
duchy_of_culture_barding;Territory of;Territoire de;;;;;x
county_of_culture_barding;Governorship of;District de;;;;;x
city_barony_of_culture_barding;City of;Cité de;;;;;x
barony_of_culture_barding;Castle of;Château de;;;;;x
temple_barony_of_culture_barding;House of Traditions of;Maison des Lois de;;;;;x
city_empire_of_culture_barding;Land of;Pays de;;;;;x
city_kingdom_of_culture_barding;Land of;Pays de;;;;;x
city_duchy_of_culture_barding;City of;Cité de;;;;;x
city_county_of_culture_barding;City of;Cité de;;;;;x
city_count_culture_barding;Master;Maitre;;;;;x
city_duke_culture_barding;Master;Maitre;;;;;x
city_king_culture_barding;GrandMaster;Grand-Maitre;;;;;x
#;;;;;;;x
#NUMENOREAN;;x;;;;;;x
emperor_culture_numenorean;Ar-;Roi;;;;;x;
king_culture_numenorean;Phazan;;;;;x;
duke_culture_numenorean;Azrakhor;Gouverneur;;;;;x;
count_culture_numenorean;Khor;Seigneur;;;;;x;
city_baron_culture_numenorean;Khor-Arminaleth;Seigneur-Maire;;;;;x;
baron_culture_numenorean;Sir;Capitaine;;;;;x;
temple_baron_culture_numenorean;Custodian of Traditions;;;;;;x;
emperor_female_culture_numenorean;Queen;Reine;;;;;x;
king_female_culture_numenorean;Princess;Princess;;;;;x;
duke_female_culture_numenorean;Governor;Gouverneur;;;;;x;
count_female_culture_numenorean;Lady;Dame;;;;;x;
empire_of_culture_numenorean;Kingdom of;Royaume de;;;;;x;
kingdom_of_culture_numenorean;Principality of;Principauté de;;;;;x;
duchy_of_culture_numenorean;District of;District de;;;;;x;
county_of_culture_numenorean;Lordship of;Seigneurie de;;;;;x;
city_barony_of_culture_numenorean;City of;Cité de;;;;;x;
barony_of_culture_numenorean;Citadel of;Citadelle de;;;;;x;
temple_barony_of_culture_numenorean;House of Traditions of;Maison des Traditions de;;;;;x;

#BLACK NUMENOREAN;;x;;;;;;x
emperor_culture_black_numenorean;Ar-;Haut-Roi;;;;;x;
king_culture_black_numenorean;Ar-;Roi;;;;;x;
duke_culture_black_numenorean;Azrakhor;Prince;;;;;x;
count_culture_black_numenorean;Khor;Gouverneur;;;;;x;
city_baron_culture_black_numenorean;Lord;Seigneur;;;;;x;
baron_culture_black_numenorean;Sir;Capitaine;;;;;x;
temple_baron_culture_black_numenorean;Dark Priest;Prêtre Noir;;;;;x;
emperor_female_culture_black_numenorean;Ar-;Haute-Reine;;;;;x;
king_female_culture_black_numenorean;Ar-;Reine;;;;;x;
duke_female_culture_black_numenorean;Princess;Princesse;;;;;x;
count_female_culture_black_numenorean;Governor;Gouverneur;;;;;x
empire_of_culture_black_numenorean;Kingdom of;Royaume de;;;;;x
kingdom_of_culture_black_numenorean;Kingdom of;Royaume de;;;;;x
duchy_of_culture_black_numenorean;Governorship of;District de;;;;;x
county_of_culture_black_numenorean;Lordship of;Seigneurie de;;;;;x
city_barony_of_culture_black_numenorean;City of;Cité de;;;;;x
barony_of_culture_black_numenorean;Citadel of;Citadelle de;;;;;x
temple_barony_of_culture_black_numenorean;Hall of Darkness of;Salles Noires de;;;;;x
city_empire_of_culture_black_numenorean;Black Fleet of;Flotte Noire de;;;;;x
city_kingdom_of_culture_black_numenorean;Black Fleet of;Flotte Noire de;;;;;x
city_duchy_of_culture_black_numenorean;Black Fleet of;Flotte Noire de;;;;;x
city_county_of_culture_black_numenorean;Black Fleet of;Flotte Noire de;;;;;x
city_count_culture_black_numenorean;Captain;Capitaine;;;;;x
city_duke_culture_black_numenorean;Lord Captain;Armateur en Chef;;;;;x
city_king_culture_black_numenorean;Lord Captain;Armateur en Chef;;;;;x
family_palace_culture_black_numenorean;Shipyard;Chantier Naval;;;;;x
family_palace_baron_culture_black_numenorean;Captain;Capitaine;;;;;x;
family_palace_baron_female_culture_black_numenorean;Captain;Capitaine;;;;;x;
family_palace_barony_of_culture_black_numenorean;Shipyard of;Chantier Naval de;;;;;x;
family_palace_baron_foa_culture_black_numenorean;Sir;Sir;;;;;x;
family_palace_baron_deed_culture_black_numenorean;Chair of;Siège de;;;;;x;
#;;;;;;;x;
#QUENDI;;x;;;;;;x
baron_culture_group_quendi;Heru;;;;;;;;;;;;;x
baron_female_culture_group_quendi;Heri;;;;;;;;;;;;;x
baron_title_ruler_consort_culture_group_quendi;Heru;;;;;;;;;;;;;x
baron_title_ruler_consort_female_culture_group_quendi;Heri;;;;;;;;;;;;;x
count_culture_group_quendi;Heru;;;;;;;;;;;;;x
count_female_culture_group_quendi;Heri;;;;;;;;;;;;;x
count_title_ruler_consort_culture_group_quendi;Heru;;;;;;;;;;;;;x
count_title_ruler_consort_female_culture_group_quendi;Heri;;;;;;;;;;;;;x
duke_culture_group_quendi;Tan-Heru;;;;;;;;;;;;;x
duke_female_culture_group_quendi;Tan-Heri;;;;;;;;;;;;;x
duke_title_ruler_consort_culture_group_quendi;Tan-Heru;;;;;;;;;;;;;x
duke_title_ruler_consort_female_culture_group_quendi;Tan-Heri;;;;;;;;;;;;;x
king_culture_group_quendi;Tar-;;;;;;;;;;;;;x
king_female_culture_group_quendi;Tar-;;;;;;;;;;;;;x
king_title_ruler_consort_culture_group_quendi;Tar-;;;;;;;;;;;;;x
king_title_ruler_consort_female_culture_group_quendi;Tar-;;;;;;;;;;;;;x
emperor_culture_group_quendi;Tar-;;;;;;;;;;;;;x
emperor_female_culture_group_quendi;Tar-;;;;;;;;;;;;;x
emperor_title_ruler_consort_culture_group_quendi;Tar-;;;;;;;;;;;;;x
emperor_title_ruler_consort_female_culture_group_quendi;Tar-;;;;;;;;;;;;;x
title_prince_culture_group_quendi;Cundu;;;;;;;;;;;;;x
title_prince_female_culture_group_quendi;Aranel;;;;;;;;;;;;;x
barony_of_culture_group_quendi;Baronime -o;;;;;;;;;;;;;x
county_of_culture_group_quendi;Countime -o;;;;;;;;;;;;;x
duchy_of_culture_group_quendi;Duchime -o;;;;;;;;;;;;;x
kingdom_of_culture_group_quendi;Aranie -o;;;;;;;;;;;;;x
empire_of_culture_group_quendi;Tan Aranie -o;;;;;;;;;;;;;x
#;;;;;;;x;
#AMANYAR;;x;;;;;;x
baron_culture_group_amanyar;Heru;;;;;;;;;;;;;x
baron_female_culture_group_amanyar;Heri;;;;;;;;;;;;;x
baron_title_ruler_consort_culture_group_amanyar;Heru;;;;;;;;;;;;;x
baron_title_ruler_consort_female_culture_group_amanyar;Heri;;;;;;;;;;;;;x
count_culture_group_amanyar;Heru;;;;;;;;;;;;;x
count_female_culture_group_amanyar;Heri;;;;;;;;;;;;;x
count_title_ruler_consort_culture_group_amanyar;Heru;;;;;;;;;;;;;x
count_title_ruler_consort_female_culture_group_amanyar;Heri;;;;;;;;;;;;;x
duke_culture_group_amanyar;Tan-Heru;;;;;;;;;;;;;x
duke_female_culture_group_amanyar;Tan-Heri;;;;;;;;;;;;;x
duke_title_ruler_consort_culture_group_amanyar;Tan-Heru;;;;;;;;;;;;;x
duke_title_ruler_consort_female_culture_group_amanyar;Tan-Heri;;;;;;;;;;;;;x
king_culture_group_amanyar;Tar-;;;;;;;;;;;;;x
king_female_culture_group_amanyar;Tar-;;;;;;;;;;;;;x
king_title_ruler_consort_culture_group_amanyar;Tar-;;;;;;;;;;;;;x
king_title_ruler_consort_female_culture_group_amanyar;Tar-;;;;;;;;;;;;;x
emperor_culture_group_amanyar;Tar-;;;;;;;;;;;;;x
emperor_female_culture_group_amanyar;Tar-;;;;;;;;;;;;;x
emperor_title_ruler_consort_culture_group_amanyar;Tar-;;;;;;;;;;;;;x
emperor_title_ruler_consort_female_culture_group_amanyar;Tar-;;;;;;;;;;;;;x
title_prince_culture_group_amanyar;Cundu;;;;;;;;;;;;;x
title_prince_female_culture_group_amanyar;Aranel;;;;;;;;;;;;;x
barony_of_culture_group_amanyar;Baronime -o;;;;;;;;;;;;;x
county_of_culture_group_amanyar;Countime -o;;;;;;;;;;;;;x
duchy_of_culture_group_amanyar;Duchime -o;;;;;;;;;;;;;x
kingdom_of_culture_group_amanyar;Aranie -o;;;;;;;;;;;;;x
empire_of_culture_group_amanyar;Tan Aranie -o;;;;;;;;;;;;;x
#;;;;;;;x;
#UMANYAR;;x;;;;;;x
baron_culture_group_umanyar;Heru;;;;;;;;;;;;;x
baron_female_culture_group_umanyar;Heri;;;;;;;;;;;;;x
baron_title_ruler_consort_culture_group_umanyar;Heru;;;;;;;;;;;;;x
baron_title_ruler_consort_female_culture_group_umanyar;Heri;;;;;;;;;;;;;x
count_culture_group_umanyar;Heru;;;;;;;;;;;;;x
count_female_culture_group_umanyar;Heri;;;;;;;;;;;;;x
count_title_ruler_consort_culture_group_umanyar;Heru;;;;;;;;;;;;;x
count_title_ruler_consort_female_culture_group_umanyar;Heri;;;;;;;;;;;;;x
duke_culture_group_umanyar;Tan-Heru;;;;;;;;;;;;;x
duke_female_culture_group_umanyar;Tan-Heri;;;;;;;;;;;;;x
duke_title_ruler_consort_culture_group_umanyar;Tan-Heru;;;;;;;;;;;;;x
duke_title_ruler_consort_female_culture_group_umanyar;Tan-Heri;;;;;;;;;;;;;x
king_culture_group_umanyar;Tar-;;;;;;;;;;;;;x
king_female_culture_group_umanyar;Tar-;;;;;;;;;;;;;x
king_title_ruler_consort_culture_group_umanyar;Tar-;;;;;;;;;;;;;x
king_title_ruler_consort_female_culture_group_umanyar;Tar-;;;;;;;;;;;;;x
emperor_culture_group_umanyar;Tar-;;;;;;;;;;;;;x
emperor_female_culture_group_umanyar;Tar-;;;;;;;;;;;;;x
emperor_title_ruler_consort_culture_group_umanyar;Tar-;;;;;;;;;;;;;x
emperor_title_ruler_consort_female_culture_group_umanyar;Tar-;;;;;;;;;;;;;x
title_prince_culture_group_umanyar;Cundu;;;;;;;;;;;;;x
title_prince_female_culture_group_umanyar;Aranel;;;;;;;;;;;;;x
barony_of_culture_group_umanyar;Baronime -o;;;;;;;;;;;;;x
county_of_culture_group_umanyar;Countime -o;;;;;;;;;;;;;x
duchy_of_culture_group_umanyar;Duchime -o;;;;;;;;;;;;;x
kingdom_of_culture_group_umanyar;Aranie -o;;;;;;;;;;;;;x
empire_of_culture_group_umanyar;Tan Aranie -o;;;;;;;;;;;;;x
#;;;;;;;x;
#MORIQUENDI;;x;;;;;;x
baron_culture_group_moriquendi;Hir;;;;;;;;;;;;;x
baron_female_culture_group_moriquendi;Hiril;;;;;;;;;;;;;x
baron_title_ruler_consort_culture_group_moriquendi;Hir;;;;;;;;;;;;;x
baron_title_ruler_consort_female_culture_group_moriquendi;Hiril;;;;;;;;;;;;;x
count_culture_group_moriquendi;Hir;;;;;;;;;;;;;x
count_female_culture_group_moriquendi;Hiril;;;;;;;;;;;;;x
count_title_ruler_consort_culture_group_moriquendi;Hir;;;;;;;;;;;;;x
count_title_ruler_consort_female_culture_group_moriquendi;Hiril;;;;;;;;;;;;;x
duke_culture_group_moriquendi;Ar-Hir;;;;;;;;;;;;;x
duke_female_culture_group_moriquendi;Ar-Hiril;;;;;;;;;;;;;x
duke_title_ruler_consort_culture_group_moriquendi;Ar-Hir;;;;;;;;;;;;;x
duke_title_ruler_consort_female_culture_group_moriquendi;Ar-Hiril;;;;;;;;;;;;;x
king_culture_group_moriquendi;Aran;;;;;;;;;;;;;x
king_female_culture_group_moriquendi;Ris;;;;;;;;;;;;;x
king_title_ruler_consort_culture_group_moriquendi;Aran;;;;;;;;;;;;;x
king_title_ruler_consort_female_culture_group_moriquendi;Ris;;;;;;;;;;;;;x
emperor_culture_group_moriquendi;Ar Aran;;;;;;;;;;;;;x
emperor_female_culture_group_moriquendi;Ar Ris;;;;;;;;;;;;;x
emperor_title_ruler_consort_culture_group_moriquendi;Ar Aran;;;;;;;;;;;;;x
emperor_title_ruler_consort_female_culture_group_moriquendi;Ar Ris;;;;;;;;;;;;;x
title_prince_culture_group_moriquendi;Coon;;;;;;;;;;;;;x
title_prince_female_culture_group_moriquendi;Aranel;;;;;;;;;;;;;x
barony_of_culture_group_moriquendi;Baronui -o;;;;;;;;;;;;;x
county_of_culture_group_moriquendi;Drand -o;;;;;;;;;;;;;x
duchy_of_culture_group_moriquendi;Duchui -o;;;;;;;;;;;;;x
kingdom_of_culture_group_moriquendi;Arnad -o;;;;;;;;;;;;;x
empire_of_culture_group_moriquendi;Ar Arnad -o;;;;;;;;;;;;;x
#;;;;;;;x;
#BREELANDER;;x;;;;;;x
emperor_culture_breelander;King;Roi;;;;;x;
king_culture_breelander;Governor;Gouverneur;;;;;x;
duke_culture_breelander;Mayor;Maitre;;;;;x;
count_culture_breelander;Riff;Riff ;;;;;x;
city_baron_culture_breelander;Master;Maitre;;;;;x;
baron_culture_breelander;Deputy Mayor;Adjoint au Maire;;;;;x;
temple_baron_culture_breelander;Custodian of Ancestors;Gardien des Ancetres;;;;;x;
emperor_female_culture_breelander;High Queen;Haute-Reine;;;;;x;
king_female_culture_breelander;Queen;Reine;;;;;x;
duke_female_culture_breelander;Governor;Gouverneur;;;;;x;
count_female_culture_breelander;Lady Mayor;Dame-Maire;;;;;x;
empire_of_culture_breelander;High Kingdom of;Royaume de;;;;;x;
kingdom_of_culture_breelander;Kingdom of;Royaume de;;;;;x;
duchy_of_culture_breelander;Territories of;Territoire de;;;;;x;
county_of_culture_breelander;Town of;Ville de;;;;;x;
city_barony_of_culture_breelander;Village of;Village de;;;;;x;
barony_of_culture_breelander;Town Hall of;Hotel de Ville de;;;;;x;
temple_barony_of_culture_breelander;House of Ancestors of;Maison des Ancetres de;;;;;x;
#;;;;;;;x;
#EASTERLING;;x;;;;;;x
emperor_culture_easterling;Supreme Chief;Chef Suprême;;;;;x;
king_culture_easterling;High Chief;Haut-Chef;;;;;x;
duke_culture_easterling;Chief;Chef;;;;;x;
count_culture_easterling;Master;Maitre;;;;;x;
city_baron_culture_easterling;Head;Maire;;;;;x;
baron_culture_easterling;Guard;Gardien;;;;;x;
temple_baron_culture_easterling;Dark Priest;Prêtre Noir;;;;;x;
empire_of_culture_easterling;Tribal Empire of;Empire Tribal de;;;;;x;
kingdom_of_culture_easterling;Tribes of;Tribu de;;;;;x;
duchy_of_culture_easterling;Clans of;Clan de;;;;;x;
county_of_culture_easterling;Encampment of;Campement de;;;;;x;
city_barony_of_culture_easterling;Caravans of;Caravane de;;;;;x;
barony_of_culture_easterling;Blockhouse of;Camp Fortifié de;;;;;x;
temple_barony_of_culture_easterling;Dark Shrine of;Temple Noir de;;;;;x;
#;;;;;;;x;
#BALCOTH;;x;;;;;;x
emperor_culture_balchoth;King;Roi;;;;;x;
king_culture_balchoth;Lord;Seigneur;;;;;x;
duke_culture_balchoth;Chief;Chef;;;;;x;
count_culture_balchoth;Master;Maitre;;;;;x;
city_baron_culture_balchoth;Head;Maire;;;;;x;
baron_culture_balchoth;Guard;Gardien;;;;;x;
temple_baron_culture_balchoth;Priest;Prêtre;;;;;x;
empire_of_culture_balchoth;Tribal Union of;Union Tribale de;;;;;x;
kingdom_of_culture_balchoth;Tribes of;Tribu de;;;;;x;
duchy_of_culture_balchoth;Clans of;Clan de;;;;;x;
county_of_culture_balchoth;Encampment of;Campement de;;;;;x;
city_barony_of_culture_balchoth;Caravans of;Caravane de;;;;;x;
barony_of_culture_balchoth;Blockhouse of;Camp Fortifié de;;;;;x;
temple_barony_of_culture_balchoth;Shrine of;Temple de;;;;;x;
#;;;;;;;x;
#WAINRIDERS;;x;;;;;;x
emperor_culture_wainriders;Supreme Chief;Roi;;;;;x;
king_culture_wainriders;High Chief;Seigneur;;;;;x;
duke_culture_wainriders;Chief;Chef;;;;;x;
count_culture_wainriders;Master;Maitre;;;;;x;
city_baron_culture_wainriders;Head;Maire;;;;;x;
baron_culture_wainriders;Guard;Gardien;;;;;x;
temple_baron_culture_wainriders;Dark Priest;Prêtre Noir;;;;;x;
empire_of_culture_wainriders;Tribal Federation of;Fédération Tribale de;;;;;x;
kingdom_of_culture_wainriders;Federation of;Tribu de;;;;;x
duchy_of_culture_wainriders;Clans of;Clan de;;;;;x
county_of_culture_wainriders;Fortified Camp of;Campement de;;;;;x
city_barony_of_culture_wainriders;Caravans of;Caravane de;;;;;x
barony_of_culture_wainriders;Blockhouse of;Camp Fortifié de;;;;;x
temple_barony_of_culture_wainriders;Dark Shrine of;Temple Noir de;;;;;x
#;;;;;;;x
#VARIAGS;;;;;;;x
emperor_culture_variags;Supreme Chief;Roi;;;;;x
king_culture_variags;High Chief;Seigneur;;;;;x
duke_culture_variags;Chief;Chef;;;;;x
count_culture_variags;Master;Maitre;;;;;x
city_baron_culture_variags;Head;Maire;;;;;x
baron_culture_variags;Guard;Gardien;;;;;x
temple_baron_culture_variags;Dark Priest;Prêtre Noir;;;;;x
empire_of_culture_variags;Tribal Union of;Union Tribale de;;;;;x
kingdom_of_culture_variags;Tribes of;Tribu de;;;;;x
duchy_of_culture_variags;Clans of;Clan de;;;;;x
county_of_culture_variags;Encampment of;Campement de;;;;;x
city_barony_of_culture_variags;Caravans of;Caravane de;;;;;x
barony_of_culture_variags;Blockhouse of;Camp Fortifié de;;;;;x
temple_barony_of_culture_variags;Dark Shrine of;Temple Noir de;;;;;x
#;;;;;;;x
#MAIAR;;;;;;;x
emperor_culture_maiar;Lord;Roi;;;;;x
king_culture_maiar;Lord;Seigneur;;;;;x
duke_culture_maiar;Chief;Chef;;;;;x
count_culture_maiar;Captain;Capitaine;;;;;x
city_baron_culture_maiar;Master;Maitre;;;;;x
baron_culture_maiar;Ward;Gardien;;;;;x
temple_baron_culture_maiar;Priest;Prêtre;;;;;x
empire_of_culture_maiar;Kingdom of;Royaume de;;;;;x
kingdom_of_culture_maiar;Lands of;Pays de;;;;;x
duchy_of_culture_maiar;Territory of;Territoire de;;;;;x
county_of_culture_maiar;Demesne of;Domaine de;;;;;x
city_barony_of_culture_maiar;City of;Ville de;;;;;x
barony_of_culture_maiar;Fortress of;Forteresse de;;;;;x
temple_barony_of_culture_maiar;Shrine of;Temple de;;;;;x
#;;;;;;;x
#ISTARI;;;;;;;x
emperor_culture_istari;Supreme Lord;Roi-Seigneur;;;;;x
king_culture_istari;Master;Maitre;;;;;x
duke_culture_istari;Lord;Seigneur;;;;;x
count_culture_istari;Protector;Protecteur;;;;;x
city_baron_culture_istari;Master;Maitre;;;;;x
baron_culture_istari;Ward;Gardien;;;;;x
temple_baron_culture_istari;Mage;Prêtre;;;;;x
empire_of_culture_istari;Kingdom of;Royaume de;;;;;x
kingdom_of_culture_istari;Lands of;Pays de;;;;;x;
duchy_of_culture_istari;Demesne of;Domaine de;;;;;x;
county_of_culture_istari;Demesne of;Domaine de;;;;;x;
city_barony_of_culture_istari;Halls of;Maison de;;;;;x;
barony_of_culture_istari;Fortress of;Tour de;;;;;x;
temple_barony_of_culture_istari;Enchantments Room of;Salles des Enchantements de;;;;;x;
#;;;;;;;x;
#ARNORIAN;;x;;;;;;x
emperor_culture_arnorian;King;Roi;;;;;x;
king_culture_arnorian;King;Roi;;;;;x;
duke_culture_arnorian;Governor;Gouverneur;;;;;x;
count_culture_arnorian;Lord;Seigneur;;;;;x;
city_baron_culture_arnorian;Captain;Capitaine;;;;;x;
baron_culture_arnorian;Sire;Sire;;;;;x;
temple_baron_culture_arnorian;Custodian of Traditions;Gardien des Traditions;;;;;x;
emperor_female_culture_arnorian;Queen;Reine;;;;;x;
king_female_culture_arnorian;Princess;Princess;;;;;x
duke_female_culture_arnorian;Governor;Gouverneur;;;;;x
count_female_culture_arnorian;Lady;Dame;;;;;x
empire_of_culture_arnorian;Kingdom of;Royaume de;;;;;x
kingdom_of_culture_arnorian;Kingdom of;Royaume de;;;;;x
duchy_of_culture_arnorian;District of;District de;;;;;x
county_of_culture_arnorian;Lordship of;Seigneurie de;;;;;x
city_barony_of_culture_arnorian;City of;Cité de;;;;;x
barony_of_culture_arnorian;Citadel of;Citadelle de;;;;;x
temple_barony_of_culture_arnorian;House of Traditions of;Maison des Traditions de;;;;;x
city_empire_of_culture_arnorian;Guild of Venturers of;Guilde des Aventuriers de;;;;;x
city_kingdom_of_culture_arnorian;Guild of Venturers of;Guilde des Aventuriers de;;;;;x
city_duchy_of_culture_arnorian;Guild of Venturers of;Guilde des Aventuriers de;;;;;x
city_county_of_culture_arnorian;Guild of Venturers of;Guilde des Aventuriers de;;;;;x
city_count_culture_arnorian;Captain;Capitaine;;;;;x
city_duke_culture_arnorian;Lord Captain;Armateur en Chef;;;;;x
city_king_culture_arnorian;Lord Captain;Armateur en Chef;;;;;x
family_palace_culture_arnorian;Shipyard;Chantier Naval;;;;;x
family_palace_baron_culture_arnorian;Captain;Capitaine;;;;;x
family_palace_baron_female_culture_arnorian;Captain;Capitaine;;;;;x
family_palace_barony_of_culture_arnorian;Shipyard of;Chantier Naval de;;;;;x
family_palace_baron_foa_culture_arnorian;Sir;Sir;;;;;x
family_palace_baron_deed_culture_arnorian;Chair of;Siège de;;;;;x
#LOSSOTH;;x;;;;;
emperor_culture_lossoth;Supreme Chieftain;Chef Suprême;;;;;x
king_culture_lossoth;Great Chieftain;Grand-Chef;;;;;x
duke_culture_lossoth;High Chieftain;Haut-Chef;;;;;x
count_culture_lossoth;Chieftain;Chef;;;;;x
city_baron_culture_lossoth;Hunt Master;Maitre de Chasse;;;;;x
baron_culture_lossoth;Bowmen Master;Maitre des Archers;;;;;x
temple_baron_culture_lossoth;Henkinimittäji;Henkinimittäji;;;;;x
empire_of_culture_lossoth;Great Clan of;Grand Clan de;;;;;x;
kingdom_of_culture_lossoth;Great Clan of;Grand Clan de;;;;;x;
duchy_of_culture_lossoth;Clans of;Clan de;;;;;x;
county_of_culture_lossoth;Tribe of;Tribu de;;;;;x;
city_barony_of_culture_lossoth;Huts of;Cabanes de;;;;;x;
barony_of_culture_lossoth;Bowyers' Hall of;Salles des Archers de;;;;;x;
temple_barony_of_culture_lossoth;Hunters' Hall of;Pavillon de Chasse de;;;;;x;
#Mountains Wilderness;;x;;;;;;x
emperor_culture_mountains;The;Le;;;;;x;
king_culture_mountains;The;Le;;;;;x;
duke_culture_mountains;The;Le;;;;;x;
count_culture_mountains;The;Le;;;;;x;
city_baron_culture_mountains;The;Le;;;;;x;
baron_culture_mountains;The;Le;;;;;x;
temple_baron_culture_mountains;The;Le;;;;;x;
emperor_female_culture_mountains;The;La;;;;;x;
king_female_culture_mountains;The;La;;;;;x;
duke_female_culture_mountains;The;La;;;;;x;
count_female_culture_mountains;The;La;;;;;x;
empire_of_culture_mountains;Mountains of;Montagnes de;;;;;x;
kingdom_of_culture_mountains;Mountains of;Montagnes de;;;;;x;
duchy_of_culture_mountains;Mountains of;Montagnes de;;;;;x;
county_of_culture_mountains;Mountains of;Montagnes de;;;;;x;
city_barony_of_culture_mountains;Mountains of;Montagnes de;;;;;x;
barony_of_culture_mountains;Mountains of;Montagnes de;;;;;x;
temple_barony_of_culture_mountains;Mountains of;Montagnes de;;;;;x;
#Spiders;;x;;;;;;x
emperor_culture_spider;His Supreme Lordship;;;;;;x;
king_culture_spider;His Great Lordship;;;;;;x;
duke_culture_spider;His High Lordship;;;;;;x;
count_culture_spider;His Lordship;;;;;;x
city_baron_culture_spider;His Lordship;;;;;;x
baron_culture_spider;His Lordship;;;;;;x
temple_baron_culture_spider;His Lordship;;;;;;x
emperor_female_culture_spider;Her Supreme Ladyship;;;;;;x
king_female_culture_spider;Her Great Ladyship;;;;;;x
duke_female_culture_spider;Her High Ladyship;;;;;;x
count_female_culture_spider;Her Ladyship;;;;;;x
empire_of_culture_spider;Scourge of;;;;;;x
kingdom_of_culture_spider;Great Nest of;;;;;;x
duchy_of_culture_spider;Nest of;;;;;;x
county_of_culture_spider;Brood of;;;;;;x
city_barony_of_culture_spider;Brood of;;;;;;x
barony_of_culture_spider;Brood of;;;;;;x
temple_barony_of_culture_spider;Brood of;;;;;;x
#Extra;;x;;;;;;x

